,Unnamed: 0,sid,platform,source_id,source_url,author,created,text,title,subreddit,keyword,like_count,reply_count,repost_count,share_count,collect_count,play_count,political_leaning_label,political_leaning_score,prob_no_conspiracy,prob_conspiracy,is_conspiracy,domain,post_type,author_followers,is_verified,region,created_year,created_month,global_id,political_leaning_qwen,conspiracy_qwen,classification_error,explanation_qwen,qwen_is_consp
246,41490,823f1e63da6856487142c8bb2af62942,reddit,fuu1y2,https://www.reddit.com/r/conspiracy_commons/comments/fuu1y2/the_chinese_stage_theory_over_covid19/,Hillbill03,2020-04-04 13:52:05+00:00,"The Chinese stage theory over covid-19 1. Create a virus and the antidote. 2. Spread the virus. 3. A demonstration of efficiency, building hospitals in a few days. After all, you were already prepared, with the projects, ordering the equipment, hiring the labor, the water and sewage network, the prefabricated building materials and stocked in an impressive volume. 4. Cause chaos in the world, starting with Europe. 5. Quickly plaster the economy of dozens of countries. 6. Stop production lines in factories in other countries. 7. Cause stock markets to fall and buy companies at a bargain price. 8. Quickly control the epidemic in your country. After all, you were already prepared. 9. Lower the price of commodities, including the price of oil you buy on a large scale. 10. Get back to producing quickly while the world is at a standstill. Buy what you negotiated cheaply in the crisis and sell more expensive what is lacking in countries that have paralyzed their industries. After all, you read more Confucius than Karl Marx. *PS: Before laughing, read the book by Chinese colonels Qiao Liang and Wang Xiangsui, from 1999, “Unrestricted Warfare: China’s master plan to destroy America”, on Amazon, then we talk. It's all there.* Worth pondering.. Just Think about this... How come Russia &amp; North Korea are totally free of Covid- 19? Because they are staunch ally of China. Not a single case reported from this 2 countries. On the other hand South Korea / United Kingdom / Italy / Spain and Asia are severely hit. How come Wuhan is suddenly free from the deadly virus? China will say that their drastic initial measures they took was very stern and Wuhan was locked down to contain the spread to other areas. I am sure they are using the Anti dode of the virus. Why Beijing was not hit? Why only Wuhan? Kind of interesting to ponder upon.. right? Well ..Wuhan is open for business now. America and all the above mentioned countries are devastated financially. Soon American economy will collapse as planned by China. China knows it CANNOT defeat America militarily as USA is at present THE MOST POWERFUL country in the world. So use the virus...to cripple the economy and paralyse the nation and its Defense capabilities. I'm sure Nancy Pelosi got a part in this. . to topple Trump. Lately President Trump was always telling of how GREAT American economy was improving in all fronts. The only way to destroy his vision of making AMERICA GREAT AGAIN is to create an economic havoc. Nancy Pelosi was unable to bring down Trump thru impeachment. ....so work along with China to destroy Trump by releasing a virus. Wuhan,s epidemic was a showcase. At the peak of the virus epidemic. .. China's President Xi Jinping...just wore a simple RM1 facemask to visit those effected areas. As President he should be covered from head to toe.....but it was not the case. He was already injected to resist any harm from the virus....that means a cure was already in place before the virus was released. Some may ask....Bill Gates already predicted the outbreak in 2015...so the chinese agenda cannot be true. The answer is. ..YES...Bill Gates did predict. .but that prediction is based on a genuine virus outbreak. Now China is also telling that the virus was predicted well in advance. ....so that its agenda would play along well to match that prediction. China,s vision is to control the World economy by buying up stocks now from countries facing the brink of severe ECONOMIC COLLAPSE. Later China will announce that their Medical Researchers have found a cure to destroy the virus. Now China have other countries stocks in their arsenal and these countries will soon be slave to their master...CHINA. Just Think about it ... The Doctor Who declared this virus was also Silenced by the Chinese Authorities... Thoughts??",The Chinese stage theory over covid-19,conspiracy_commons,,4.0,3.0,,,,,right,0.9245301485061646,0.05005667,0.94994336,True,self.conspiracy_commons,self,,,,2020.0,2020-04,exs06id_reddit_fuu1y2,left,conspiracy,,"The text discusses various conspiracy theories related to the COVID-19 pandemic, suggesting that China orchestrated the virus and used it to weaken Western economies and military capabilities. This aligns with a left-leaning narrative that often portrays Western powers as conspiratorial against China.",True
3676,25252,eb082557b4dbb27e72cfb50a446d5e76,reddit,2n2ttb,http://i.imgur.com/dn3jv6b.png,[deleted],2014-11-22 13:29:32+00:00,"Checked it out as I was driving by, I'd never heard before that the NSA sits at the corner of Savage road &amp; Canine road: it really is the government's mad dog.","Checked it out as I was driving by, I'd never heard before that the NSA sits at the corner of Savage road &amp; Canine road: it really is the government's mad dog.",conspiracy,,1.0,0.0,,,,,right,0.9024924039840698,0.45757145,0.54242855,True,i.imgur.com,link,,,,2014.0,2014-11,exs06id_reddit_2n2ttb,left,no_conspiracy,,The text describes an unverified rumor about the location of the National Security Agency (NSA) without endorsing or promoting any specific conspiracy theory.,False
4277,17803,ccd136d08574ff2054540af18dd3de9c,reddit,90dmi7,https://www.thegatewaypundit.com/2018/07/breaking-more-evidence-uncovered-shows-obama-spied-on-trump-illegally-as-early-as-2015/,911bodysnatchers322,2018-07-20 06:28:33+00:00,Breaking: More Evidence Uncovered Shows Obama Spied on Trump Illegally as Early as 2015,Breaking: More Evidence Uncovered Shows Obama Spied on Trump Illegally as Early as 2015,TruthLeaks,,2.0,0.0,,,,,right,0.6333329081535339,0.080422714,0.91957724,True,thegatewaypundit.com,link,,,,2018.0,2018-07,exs06id_reddit_90dmi7,left,conspiracy,,"The text suggests new evidence implicating former President Barack Obama in illegal surveillance activities against then-President Donald Trump, which aligns with a left-leaning narrative often emphasizing government overreach and potential corruption.",True
1454,25878,475c9857353fdd71f47c44503e362653,reddit,10o55z,http://truth-out.org/opinion/item/11687-apartheid-never-died-in-south-africa-it-inspired-a-world-order-upheld-by-force-and-illusion,axolotl_peyotl,2012-09-29 15:55:47+00:00,Apartheid Never Died in South Africa: It Inspired a World Order Upheld by Force and Illusion,Apartheid Never Died in South Africa: It Inspired a World Order Upheld by Force and Illusion ,conspiracy,,4.0,1.0,,,,,left,0.880304217338562,0.010762695,0.98923737,True,truth-out.org,link,,,,2012.0,2012-09,exs06id_reddit_10o55z,left,no_conspiracy,,The text discusses the legacy of apartheid in South Africa without endorsing any conspiracy theory.,False
1498,24487,1dbfbf0838757aef5b960ec0baa6a5c0,reddit,3xma4s,http://www.carolmoore.net/nuclearwar/israelithreats.html??,alllie,2015-12-20 20:58:10+00:00,"The “Samson Option” is Israel’s strategy of nuclear retaliation against any nation that endangers it. Israel has become a nuclear bully to further Israel’s territorial goals through threats and blackmail. Israel has threatened not only Arab and Muslim nations, but also the United States and Russia.","The “Samson Option” is Israel’s strategy of nuclear retaliation against any nation that endangers it. Israel has become a nuclear bully to further Israel’s territorial goals through threats and blackmail. Israel has threatened not only Arab and Muslim nations, but also the United States and Russia.",conspiracy,,6.0,3.0,,,,,right,0.8796672224998474,0.2971179,0.70288205,True,carolmoore.net,link,,,,2015.0,2015-12,exs06id_reddit_3xma4s,left,conspiracy,,"The text portrays Israel as a nuclear power seeking to intimidate others, which aligns with a left-leaning view on national security and international relations.",True
3092,38196,dbe0f97a9833b99eb9d356ba2c27d2ce,reddit,fqxhew,https://www.reddit.com/r/conspiracy_commons/comments/fqxhew/link_between_covid19_and_hiv_immune_chinese/,homesteadbow,2020-03-29 01:50:00+00:00,Link between covid19 and HIV immune Chinese CRISPR babies? Does anyone remember these CRISPR gene edited designed with there CCR5 modified to be immune to HIV new born babies from a few years back created by Chinese scientists ?. I just realised a few of the fast tracked anti virals that have been approve are specifically LERONLIMAB is a LGg4mAB that blocks CCR5. It is a viral entry inhibitor that masks ccr5 t cells from covid19. Could the gene edited babies be part of a biological weapon that China created and already has the cure to? Link to experiment https://en.m.wikipedia.org/wiki/He_Jiankui_affair#Experiment_and_birth Link to experimental viral treatment https://www.cytodyn.com/newsroom/press-releases/detail/399/leronlimab-used-in-seven-patients-with-severe-covid-19,Link between covid19 and HIV immune Chinese CRISPR babies?,conspiracy_commons,,2.0,2.0,,,,,right,0.5046655535697937,0.030887028,0.969113,True,self.conspiracy_commons,self,,,,2020.0,2020-03,exs06id_reddit_fqxhew,left,conspiracy,,"The text discusses potential connections between CRISPR gene editing experiments involving HIV resistance and COVID-19 treatments, suggesting a possible connection to a biological weapon. This content leans towards a conspiratorial narrative about China creating such weapons.",True
3170,12890,39b6e1337f3d48b3b2b4e0ac12d28e45,reddit,qt4gz0,https://www.reddit.com/r/conspiracyfact/comments/qt2fua/documents_expose_staggering_pattern_of_political/,dirtyharrison,2021-11-13 16:16:50+00:00,"Documents Expose 'Staggering Pattern of Political Interference' in Trump's Covid-19 Response | ""Top elected officials preferred to keep Americans in the dark and set policy based on political considerations, not science,"" said one former CDC adviser.","Documents Expose 'Staggering Pattern of Political Interference' in Trump's Covid-19 Response | ""Top elected officials preferred to keep Americans in the dark and set policy based on political considerations, not science,"" said one former CDC adviser.",TopConspiracy,,4.0,0.0,,,,,left,0.989236056804657,0.032199632,0.9678004,True,reddit.com,link,,,,2021.0,2021-11,exs06id_reddit_qt4gz0,left,no_conspiracy,,"The text discusses political interference in the Trump administration's handling of the coronavirus pandemic, without endorsing any conspiracy theory.",False
213,7446,bbe92e9f45c88384f9c507b9e61acdf7,reddit,ifu1ts,https://outline.com/x2Nwer,quantumcipher,2020-08-24 17:56:00+00:00,#BlueLeaks Reveal Fusion Centers Employ Undercover Agents to Target Activists,#BlueLeaks Reveal Fusion Centers Employ Undercover Agents to Target Activists,DescentIntoTyranny,,3.0,1.0,,,,,right,0.9670605063438416,0.06102172,0.93897825,True,outline.com,link,,,,2020.0,2020-08,exs06id_reddit_ifu1ts,left,no_conspiracy,,The text discusses the use of undercover agents by fusion centers targeting activists without providing specific details about the claims being made.,False
1322,14505,c308ad6c693c68167131e18ed4a158ef,reddit,e17z2l,https://www.reddit.com/r/collapse/comments/e138gv/research_has_found_for_the_first_known_time_that/,dirtyharrison,2019-11-25 00:49:34+00:00,"Research has found for the first known time that enough physical evidence spanning millennia has come together to allow researchers to say definitively that: El Ninos, La Ninas, and the climate phenomenon that drives them have become more extreme in the times of human-induced climate change.","Research has found for the first known time that enough physical evidence spanning millennia has come together to allow researchers to say definitively that: El Ninos, La Ninas, and the climate phenomenon that drives them have become more extreme in the times of human-induced climate change.",TopConspiracy,,2.0,0.0,,,,,left,0.985135018825531,0.11806951,0.8819305,True,reddit.com,link,,,,2019.0,2019-11,exs06id_reddit_e17z2l,left,no_conspiracy,,The text discusses scientific findings about climate changes without promoting or endorsing any conspiracy theory.,False
610,30067,e81f893fe69c9aa6095709de31534721,reddit,1z77y1,http://www.reddit.com/r/conspiro/comments/1z77y1/how_international_financial_elites_change/,conspirobot,2014-02-28 18:54:52+00:00,"How International Financial Elites Change Governments to Implement Austerity (xpost r/conspirators) source link: **[How International Financial Elites Change Governments to Implement Austerity (xpost r/conspirators)](http://www.counterpunch.org/2014/02/28/how-international-financial-elites-change-governments-to-implement-austerity/)** poster: **[99red](/u/99red)**, [original conspiracy link](/r/conspiracy/comments/1z768l/how_international_financial_elites_change/) ----------------------------------- Discourse level: 0% Shills: 0%",How International Financial Elites Change Governments to Implement Austerity (xpost r/conspirators),conspiro,,1.0,0.0,,,,,right,0.9890314936637878,0.054538954,0.94546103,True,self.conspiro,self,,,,2014.0,2014-02,exs06id_reddit_1z77y1,none,no_conspiracy,,The text discusses how international financial elites change governments to implement austerity measures without mentioning any conspiracy theories or promoting any specific claims.,False
53,38800,f5686ce802b898118d7346e76e69c417,reddit,igy1f6,https://www.reddit.com/r/conspiracy/comments/igy1f6/australia_cyber_squad_are_trying_to_manipulate/,arctic-gold-digger,2020-08-26 12:38:13+00:00,"Australia cyber squad are trying to manipulate people’s perception via reddit, facebag and the likes Anything you post about Victoria, Australia, automatically attracts a bunch of shills or bots. But who are these people? If you click on their profile, you’ll realize that they are trying to manipulate people’s opinion in thinking this is all normal. It’s either a branch of the AISO or the CCP.","Australia cyber squad are trying to manipulate people’s perception via reddit, facebag and the likes",conspiracy,,11.0,7.0,,,,,right,0.9334377646446228,0.019179236,0.9808208,True,self.conspiracy,self,,,,2020.0,2020-08,exs06id_reddit_igy1f6,left,conspiracy,,"The text discusses alleged manipulation through social media platforms like Reddit and Facebok, suggesting it may be part of an international communist organization (AISO) or Chinese Communist Party (CCP). This framing leans towards a left-leaning perspective criticizing such activities.",True
2485,23978,40f8f3a0ee7ed3f20746f80adbfb0672,reddit,kxnij,http://www.libertariantoday.com/2011/10/with-impoverishment-writing-on-wall.html,Ijob911,2011-10-01 18:25:02+00:00,"With impoverishment writing on the wall under slave-driving banksters, corporatists, and their globalist-agenda, airline pilots join Wall St. protests","With impoverishment writing on the wall under slave-driving banksters, corporatists, and their globalist-agenda, airline pilots join Wall St. protests ",conspiracy,,5.0,2.0,,,,,left,0.9619274735450744,0.022154236,0.9778457,True,libertariantoday.com,link,,,,2011.0,2011-10,exs06id_reddit_kxnij,left,no_conspiracy,,The text criticizes financial elites for causing economic hardship without explicitly endorsing any conspiracy theory.,False
2025,24636,308bee65f79cb04388416c18994a03ee,reddit,ojh2xs,https://www.reddit.com/r/conspiracy/comments/ojh2xs/global_warming_narrative_is_a_hoax_megathread/,vonhudgenrod,2021-07-13 14:45:43+00:00,"Global Warming Narrative Is a Hoax Megathread. Proponents of the Manmade global warming narrative like to repeat factoids like ""97% of climate scientists agree on manmade global warming."" I'll start by debunking this by saying that it is disingenuous to group scientists who believe human carbon emissions are causing 1% of the problem with scientists who believe Humans are the leading cause as if they are the same thing. Also, federal dollars who fund climate scientists are contingent on them publishing evidence that supports human-driven ""climate change"". Now on to the actual evidence, 1. It was hotter during the medieval warm period then it is now. Carbon emissions were Zero at that time. This is clear evidence that natural cycles drive the temperatures. 2. We exited the little ice age around \~1800ish, this means when politicians bring up the increasing temperatures or shrinking icecap, they are measuring from a baseline of the largest icecaps and lowest temperatures in modern history. Obviously the change is going to be greater when you are measuring from such an abnormally cold period. Also, carbon emissions were not relevant at this time either. 3. As it gets hotter, and icecaps melt, the soil thaws and it releases carbon into the atmosphere. This makes the carbon / temperature increase a self fulfilling prophecy. As the temperature increases, carbon is released meaning that temperature and carbon are always going to have a correlation regardless of what humans do. 4. The Greenland ice core data shows that there have been MANY times in human history where it was hotter then present, and also highlights a very natural trend we are going through, see below [https://en.wikipedia.org/wiki/Medieval\_Warm\_Period#/media/File:Greenland\_ice\_sheet\_temperatures\_Vinther\_et\_al\_2009.png](https://en.wikipedia.org/wiki/Medieval_Warm_Period#/media/File:Greenland_ice_sheet_temperatures_Vinther_et_al_2009.png) It is the temperature data from the Greenland Ice Core samples, as you can see 0 represents the 1880-1960 Average, and There have been many points throughout Human History where it was hotter on Average then Present.",Global Warming Narrative Is a Hoax Megathread.,conspiracy,,18.0,65.0,,,,,left,0.5676068067550659,0.13747787,0.8625221,True,self.conspiracy,self,,,,2021.0,2021-07,exs06id_reddit_ojh2xs,center,no_conspiracy,,"The text discusses scientific explanations for historical temperature changes without promoting any specific conspiracy theory. It presents factual information about past climate conditions and their causes, which falls under general scientific discourse rather than advocating for or against any particular political stance.",False
156,10718,60da396f3af54cf34731aa6722c9e8a9,reddit,1luhm3u,https://www.lewrockwell.com/2025/07/no_author/former-advisor-to-zelensky-office-admits-russia-could-crush-ukraine/,Kela-el,2025-07-08 06:35:26+00:00,Former Advisor to Zelensky Office Admits Russia Could 'Crush Ukraine',Former Advisor to Zelensky Office Admits Russia Could 'Crush Ukraine',FringeTheory,,1.0,0.0,,,,,right,0.6399456858634949,0.49849287,0.5015071,True,lewrockwell.com,link,,,,2025.0,2025-07,exs06id_reddit_1luhm3u,left,conspiracy,,"The text suggests an admission about Russian involvement in Ukraine, which aligns with a left-leaning perspective on geopolitics.",True
559,21492,02a5deea573534b0bd14f7739e97c92c,reddit,1essuj7,https://i.redd.it/9wcgj9kbdtid1.jpeg,Apart-Dog1591,2024-08-15 11:34:12+00:00,What is she hiding??,What is she hiding??,conspiracy_commons,,256.0,131.0,,,,,right,0.9272800087928772,0.45565778,0.54434216,True,i.redd.it,link,,,,2024.0,2024-08,exs06id_reddit_1essuj7,none,no_conspiracy,,The text does not contain any information related to politics or conspiracy theories.,False
4746,23175,aefad6a8692d10c924c2fb1061170cbf,reddit,z7z0q0,https://www.reddit.com/r/conspiracy_commons/comments/z7z0q0/lets_talk_about_the_satanic_bloodsucking/,antimatterfunnel,2022-11-29 16:42:06+00:00,"Let's talk about the Satanic bloodsucking interdimensional reptiles that run the government Important questions the American people need answers to: * Did the Democrat party give the reptiles access to voting machines? If so, where? And how can we take control back from the lizard men and re-establish fair and free elections where Republicans win? * Did Microsoft benefit monetarily when Bill Gates allowed the reptiles to use the so-called Covid vaccine to inject us with 5G microchips? What is the next step in this diabolical plan and how do we stop it? * Where are the lizard people getting these poor babies from? Is the reports true that there is a barge off of Guantanamo Bay where Biden's personal pedo army is mass-producing infants in the wombs of kidnapped sex slaves? * Why are the lizard people drinking baby blood with Hillary Clinton and Hunter Biden in a pizza restaurant basement when they could just use their vast wealth to rent out a spot where fewer people would be coming in and out? Is the pizza restaurant just a front for a much larger operation?",Let's talk about the Satanic bloodsucking interdimensional reptiles that run the government,conspiracy_commons,,7.0,20.0,,,,,right,0.987698256969452,0.0019302333,0.9980698,True,self.conspiracy_commons,self,,,,2022.0,2022-11,exs06id_reddit_z7z0q0,left,conspiracy,,"The text discusses various conspiracies involving alleged secret organizations controlling government and society, suggesting a left-leaning political perspective.",True
663,22671,56c716373388b0413322876641c58c52,reddit,1dsuzx5,https://i.redd.it/ejmv9mpd8x9d1.jpeg,DictatorBiden,2024-07-01 14:55:40+00:00,Terrible decision Supreme Court. The Supreme Court just created a true Dictatorship. The President is not a King. The President is a Citizen. Now they can justify any action as “official business”.,Terrible decision Supreme Court. The Supreme Court just created a true Dictatorship.  The President is not a King. The President is a Citizen. Now they can justify any action as “official business”. ,conspiracy_commons,,1.0,15.0,,,,,right,0.9608150124549866,0.02144452,0.97855544,True,i.redd.it,link,,,,2024.0,2024-07,exs06id_reddit_1dsuzx5,left,conspiracy,,"The text criticizes the Supreme Court for allegedly creating a dictatorship and equating the president to a king, suggesting the court has the power to justify actions as official business. This implies an anti-establishment stance and criticism of judicial overreach.",True
440,32518,67d082297db4f6a01536fdd7f0724513,reddit,2sfvs5,http://www.reddit.com/r/conspiro/comments/2sfvs5/if_2014_was_the_year_of_militarized_police/,conspirobot,2015-01-14 20:59:31+00:00,"If 2014 was the year of militarized police, armored tanks, and stop-and-frisk searches, 2015 may be the year of technologized police, complete with robotic exoskeletons, super-vision contact lenses, computer-linked visors, and mind-reading helmets. source link: **[If 2014 was the year of militarized police, armored tanks, and stop-and-frisk searches, 2015 may be the year of technologized police, complete with robotic exoskeletons, super-vision contact lenses, computer-linked visors, and mind-reading helmets.](http://www.blacklistednews.com/From_Neighborhood_Cops_to_Robocops%3A_The_Changing_Face_of_American_Police/40865/0/38/38/Y/M.html)** poster: **[alllie](/u/alllie)**, [original conspiracy link](/r/conspiracy/comments/2sfval/if_2014_was_the_year_of_militarized_police/) ----------------------------------- Discourse level: 66% Shills: 0%","If 2014 was the year of militarized police, armored tanks, and stop-and-frisk searches, 2015 may be the year of technologized police, complete with robotic exoskeletons, super-vision contact lenses, computer-linked visors, and mind-reading helmets.",conspiro,,1.0,0.0,,,,,right,0.9768580198287964,0.2640883,0.7359117,True,self.conspiro,self,,,,2015.0,2015-01,exs06id_reddit_2sfvs5,left,conspiracy,,"The article discusses advanced technological advancements in policing, which aligns with a left-leaning perspective on technology and its potential to enhance law enforcement capabilities.",True
1136,18297,d25a34c77c85f6ce39f1e786f7933221,reddit,bm86de,http://joannenova.com.au/2019/05/labor-plan-sends-35b-in-jobs-and-goods-overseas-carbon-tax-is-dumbest-deal-of-the-century/,bugsbunny4pres,2019-05-08 17:34:00+00:00,Labor plan sends $35b in jobs and goods overseas. Carbon Tax is dumbest deal of The Century.,Labor plan sends $35b in jobs and goods overseas. Carbon Tax is dumbest deal of The Century.,climateskeptics,,41.0,2.0,,,,,right,0.9931372404098512,0.47948,0.52052,True,joannenova.com.au,link,,,,2019.0,2019-05,exs06id_reddit_bm86de,left,no_conspiracy,,The text criticizes a labor plan for sending jobs and goods overseas and argues against a carbon tax as being the dumber deal of the century without providing specific evidence or context.,False
762,44166,a35ddb9678a42d0de9776c3b25005348,reddit,n6xmry,https://themostbeautifulworld.com/blog/hyper-inflation,Arctic_Gold_Digger,2021-05-07 12:44:34+00:00,We're on track of an hyper inflationary collapse,We're on track of an hyper inflationary collapse,conspiracy,,16.0,24.0,,,,,right,0.955467164516449,0.4707817,0.52921826,True,themostbeautifulworld.com,link,,,,2021.0,2021-05,exs06id_reddit_n6xmry,none,no_conspiracy,,The text does not express any political stance or conspiracy theory.,False
4992,28028,7c0db3ac2185fec982547a5bf9697bb6,reddit,iz2hj8,https://twitter.com/TheFirstonTV/status/1308926624658751488,tabbykat69,2020-09-24 18:11:56+00:00,"Hunter Biden was wired millions of dollars from the ""richest lady in Russia,"" and he paid prostitutes tied to human trafficking","Hunter Biden was wired millions of dollars from the ""richest lady in Russia,"" and he paid prostitutes tied to human trafficking",conspiracyundone,,70.0,10.0,,,,,right,0.9957143664360046,0.0030580421,0.996942,True,twitter.com,link,,,,2020.0,2020-09,exs06id_reddit_iz2hj8,left,conspiracy,,"The text suggests connections between Hunter Biden, wealthy individuals, and alleged human trafficking, which aligns with a left-leaning narrative on politics and social issues.",True
4295,3063,11a7b275ce3e91386171e601c420d9f1,reddit,6nwchc,https://www.youtube.com/watch?v=YNoCsxhbdo8,magnora7,2017-07-17 21:51:14+00:00,"The Higherside Chats podcast interview with magnora7 - The Rothschild World Order, The Corporatocracy, &amp; The Ownership of Everything","The Higherside Chats podcast interview with magnora7 - The Rothschild World Order, The Corporatocracy, &amp; The Ownership of Everything",ConspiracyII,,30.0,44.0,,,,,left,0.9963685274124146,0.014854568,0.98514545,True,youtube.com,link,,,,2017.0,2017-07,exs06id_reddit_6nwchc,left,no_conspiracy,,"The text discusses topics related to the Rothschild world order, corporatocracy, and ownership of everything without promoting any specific conspiracy theory.",False
426,29464,bb5d6f268f4883c0a0588a8a4bf9e827,reddit,pi7hx6,https://www.reddit.com/r/conspiracyundone/comments/pi7hx6/music_and_pop_culture_as_a_tool_of_the_elites_the/,HibikiSS,2021-09-05 05:53:18+00:00,"Music and pop culture as a tool of the elites. The corruption of art. Music can have a great impact in the values of people. I think technology has somewhat isolated people from being able to gather together and enjoy it as an art. While people can still do that nowadays, technology has made it so a lot of people see it as pointless. It gets used along with pop culture to expose people to anti-values, while a lot of people might think of themselves as smart enough not to fall for such manipulation, most of them are slaves to pop culture.",Music and pop culture as a tool of the elites. The corruption of art.,conspiracyundone,,17.0,13.0,,,,,right,0.8710333108901978,0.008460623,0.9915394,True,self.conspiracyundone,self,,,,2021.0,2021-09,exs06id_reddit_pi7hx6,left,no_conspiracy,,"The text criticizes the use of music and pop culture as tools of the elite, suggesting their corruption and isolation effect on society. There is no mention of conspiracy theories or claims about hidden agendas.",False
140,40314,b342458717b2c988a45734d2e518feef,reddit,jvcdh9,https://www.reddit.com/r/conspiracy/comments/jvcdh9/the_gop_is_wanting_herd_immunity_to_cull_people/,po8os,2020-11-16 18:44:31+00:00,The GOP is wanting herd immunity to cull people from their Social Support payment lists Tinfoil hat activated!,The GOP is wanting herd immunity to cull people from their Social Support payment lists,conspiracy,,0.0,5.0,,,,,left,0.9961429238319396,0.01896686,0.9810331,True,self.conspiracy,self,,,,2020.0,2020-11,exs06id_reddit_jvcdh9,right,conspiracy,,"The text suggests that Republicans want to remove people from social support payment lists through a strategy called 'herd immunity,' which implies a conspiratorial motive for the action.",True
406,25199,2ecc2e574665abc138f03aec4640b9ae,reddit,d7wte5,https://www.thegatewaypundit.com/2019/09/all-eyes-on-ukraine-deep-state-and-hillary-operatives-worked-with-ukrainian-government-to-take-down-trump/,[deleted],2019-09-22 21:27:28+00:00,All Eyes on Ukraine: Deep State and Hillary Operatives Worked with Ukrainian Government [deleted],All Eyes on Ukraine: Deep State and Hillary Operatives Worked with Ukrainian Government,conspiracy,,2.0,4.0,,,,,right,0.9695436358451844,0.040633023,0.959367,True,thegatewaypundit.com,link,,,,2019.0,2019-09,exs06id_reddit_d7wte5,left,conspiracy,,"The text suggests a deep state operation involving Hillary Clinton operatives working with the Ukrainian government, which aligns with a left-leaning perspective on politics and international relations.",True
2277,16416,6630ce384131867498b60ddffeb003a2,reddit,bup463,http://stateofthenation2012.com/?p=123290,nothingberg,2019-05-30 04:57:01+00:00,"SUPER-STAGED PRESSER: Dirty Cop Mueller Forced Into Today’s Press Conference by Deep State to Provide False Pretext for Impeachment | SOTN: Alternative News, Analysis &amp; Commentary’","SUPER-STAGED PRESSER: Dirty Cop Mueller Forced Into Today’s Press Conference by Deep State to Provide False Pretext for Impeachment | SOTN: Alternative News, Analysis &amp; Commentary’",TruthLeaks,,8.0,0.0,,,,,right,0.9992651343345642,0.009103432,0.9908965,True,stateofthenation2012.com,link,,,,2019.0,2019-05,exs06id_reddit_bup463,left,conspiracy,,The text appears to be promoting a conspiracy theory about a dirty cop forced into a press conference by the deep state to provide false pretext for impeachment.,True
2591,11216,d8c0d032516525e7d49fc1e3d0c84d7b,reddit,k3ulji,https://www.thetruthseeker.co.uk/?p=222051,Teth_1963,2020-11-30 12:06:11+00:00,Transhumanism: Expert exposes liberal billionaire elitists’ ‘Great Reset’ agenda,Transhumanism: Expert exposes liberal billionaire elitists’ ‘Great Reset’ agenda,FringeTheory,,1.0,1.0,,,,,right,0.9992844462394714,0.15042062,0.84957933,True,thetruthseeker.co.uk,link,,,,2020.0,2020-11,exs06id_reddit_k3ulji,left,conspiracy,,"The text suggests criticism of a 'Great Reset' agenda promoted by liberal billionaires, indicating a left-leaning stance against elite control.",True
3993,21227,f04aa49c568aea7bf3aa1a2347f204d3,reddit,sau96u,https://podclips.com/c/y9wBaY?ss=r&amp;ss2=conspiracy_commons&amp;d=2022-01-23,bestpodcastclips,2022-01-23 14:00:08+00:00,"Joe Rogan: ""Whether it's hydroxychloroquine or Ivermectin, there's a concerted effort to demonize treatments that many, many, many doctors are using and countries are using. There's fuckery going on, man. 'Brought to you by Pfizer.' If you watch the root of this fuckery, it's real clear.""","Joe Rogan: ""Whether it's hydroxychloroquine or Ivermectin, there's a concerted effort to demonize treatments that many, many, many doctors are using and countries are using. There's fuckery going on, man. 'Brought to you by Pfizer.' If you watch the root of this fuckery, it's real clear.""",conspiracy_commons,,72.0,8.0,,,,,left,0.6353940963745117,0.019083498,0.98091656,True,podclips.com,link,,,,2022.0,2022-01,exs06id_reddit_sau96u,left,no_conspiracy,,"The text discusses efforts to demonize certain medical treatments used by doctors and governments, without explicitly endorsing any conspiracy theory.",False
3343,25486,eb49b01b84aab0b5322c199af8918960,reddit,15e5ar,https://jabhatalnusrah.wordpress.com/2012/12/20/america-sends-blackwater-to-syria-to-murder-mujahideen-commanders/,monicadubph,2012-12-24 21:58:59+00:00,Syrian opposition say the US sent Blackwater mercenaries to Syria to assassinate leaders of Al Nusra Front (Jabath al Nusra),Syrian opposition say the US sent Blackwater mercenaries to Syria to assassinate leaders of Al Nusra Front (Jabath al Nusra),conspiracy,,5.0,0.0,,,,,right,0.414240300655365,0.045245573,0.9547544,True,jabhatalnusrah.wordpress.com,link,,,,2012.0,2012-12,exs06id_reddit_15e5ar,left,conspiracy,,"The text suggests an assassination plot involving US-backed mercenaries, which aligns with a left-leaning narrative often critical of Western interventionism.",True
3288,10243,30e0a264d416c632261aa7d5db6e028f,reddit,ltsbl6,https://youtu.be/F3qHSeJyGZE,sherozeladenjaffry,2021-02-27 17:01:31+00:00,Humanity Came From The Civilization Of The Atlanteans In The Arctic ?,Humanity Came From The Civilization Of The Atlanteans In The Arctic ?,FringeTheory,,4.0,0.0,,,,,left,0.3703184723854065,0.29158366,0.70841634,True,youtu.be,link,,,,2021.0,2021-02,exs06id_reddit_ltsbl6,none,no_conspiracy,,The provided text does not contain any information related to politics or conspiracy theories.,False
3629,18852,56cbaaae94fc3410ef5a1df40ab5eec2,reddit,1pkz1zf,https://notrickszone.com/2025/12/05/new-study-temperature-driven-co2-outgassing-explains-83-percent-of-co2-rise-since-1959/,LackmustestTester,2025-12-12 18:18:11+00:00,New Study: Temperature-Driven CO2 Outgassing Explains 83 Percent Of CO2 Rise Since 1959,New Study: Temperature-Driven CO2 Outgassing Explains 83 Percent Of CO2 Rise Since 1959,climateskeptics,,20.0,9.0,,,,,right,0.7854899168014526,0.050470416,0.9495296,True,notrickszone.com,link,,,,2025.0,2025-12,exs06id_reddit_1pkz1zf,none,no_conspiracy,,The text discusses temperature-driven CO2 outgassing without promoting or endorsing any specific conspiracy theory related to climate change.,False
2303,18522,e1d9d4a55033dde12b402c3f5b6704cd,reddit,kc77s,http://wmbriggs.com/blog/?p=4338,publius_lxxii,2011-09-11 17:41:09+00:00,Of Course Human Caused Climate Change Is Real,Of Course Human Caused Climate Change Is Real,climateskeptics,,9.0,5.0,,,,,left,0.7017765045166016,0.39252642,0.60747355,True,wmbriggs.com,link,,,,2011.0,2011-09,exs06id_reddit_kc77s,left,no_conspiracy,,The text expresses an unambiguous belief in human-caused climate change without endorsing any conspiracy theory.,False
805,10759,dee2bc8f6da46efdda8d6a316dc7a3f8,reddit,kwczuv,http://insideinuniverse.com/the-ancient-martian-civilization-was-wiped-out-by-a-nuclear-attack-from-another-alien-race-physicist-claims/,Teth_1963,2021-01-13 09:20:13+00:00,The Ancient Martian Civilization Was Wiped Out by a Nuclear Attack From Another Alien Race – Physicist Claims,The Ancient Martian Civilization Was Wiped Out by a Nuclear Attack From Another Alien Race – Physicist Claims,FringeTheory,,2.0,2.0,,,,,right,0.9719489812850952,0.0086903265,0.99130964,True,insideinuniverse.com,link,,,,2021.0,2021-01,exs06id_reddit_kwczuv,left,conspiracy,,"The text presents a sensational claim about an ancient alien civilization being wiped out by nuclear attack, which aligns with a conspiratorial narrative.",True
4141,27992,8208665cb690b9248797a57e05e99553,reddit,cwyuue,https://www.bbc.com/news/world-latin-america-49495167?fbclid=IwAR006HaNFGz_yoxmNZP8CWuEM3pYjKGWzVmMY94j6TjetHeBO5omxYqIvEI,Domenicaxx66xx,2019-08-29 10:09:36+00:00,'Largest mass child sacrifice' found in Peru,'Largest mass child sacrifice' found in Peru,conspiracyundone,,17.0,4.0,,,,,left,0.5173330903053284,0.1335891,0.8664109,True,bbc.com,link,,,,2019.0,2019-08,exs06id_reddit_cwyuue,none,no_conspiracy,,The text does not contain any information related to politics or conspiracy theories.,False
2371,21203,bad0bd87c445b22f1e9a2de63efd0ff2,reddit,14vx7p2,https://www.businessinsider.com/ndaa-legalizes-propaganda-2012-5,Soft-Part4511,2023-07-10 15:29:04+00:00,In case you forgot: in 2012-2013 The Obama administration and Congress opened the door for the DoD to legally conduct PSYOPS on and Propagandize the American Public,In case you forgot: in 2012-2013 The Obama administration and Congress opened the door for the DoD to legally conduct PSYOPS on and Propagandize the American Public,conspiracy_commons,,74.0,20.0,,,,,right,0.97273987531662,0.0055804546,0.9944195,True,businessinsider.com,link,,,,2023.0,2023-07,exs06id_reddit_14vx7p2,left,conspiracy,,"The text suggests that the Obama administration and Congress were involved in psyops and propaganda against the American public, which implies a conspiratorial view.",True
2092,36855,8e1052d4efbb6b89c87c41f6c627d609,reddit,fkr8ye,https://www.reddit.com/r/conspiracy/comments/fkr8ye/coronavirus_speculation_on_what_could_come_next/,LanneHusse,2020-03-18 15:24:23+00:00,"[coronavirus] Speculation on what could come next [Some ""experts"" at the Imperial college of London said the following : ""The major challenge of suppression is that this type of intensive intervention package –or something equivalently effective at reducing transmission –will need to be maintained until a vaccine becomes available (potentially 18 months or more) –given that we predict that transmission will quickly rebound if interventions are relaxed""](https://www.imperial.ac.uk/media/imperial-college/medicine/sph/ide/gida-fellowships/Imperial-College-COVID19-NPI-modelling-16-03-2020.pdf) So, they keep us all self isolated for God knows how long. There is no doubt that what they are waiting for is to have a vaccine ready, to then mass vaccinate the population. They will come to your home to vaccinate you. Because otherwise, you know, if everyone goes to the nearest medical practice to get his jab, the crowding could cause the transmission to rebound. Authorities (police, or army) will accompany doctors to your home to ensure you get your vaccine and don't oppose any resistance. You won't know what actually happened to your neighbor who has been vaccinated, because he will remain at home after being vaccinated. CV will have killed a few people overall. Essentially the most vulnerable over 80 years old, as current data shows. [The vaccine will kill the rest of the population, as it may have during the 1918 spanish flu that took away the lives of somewhere between 20 million and 100 million people. It's what this link says anyway](http://www.whale.to/vaccine/sf1.html) The world population is brought down to close to the 500 million mark, as instructed on the georgia guidestones. To the survivors, they keep broadcasting the narrative that it was the most deadly virus ever, and people believe it. Look, all these lockdowns around the world cause all economies to halt. Then what's the plan ? We slowly reboot all economies and start all over again like nothing happened ? We will soon experience mass unemployment in all countries, people will be out in the streets rioting, killing each other, burning houses. That cannot be the master plan, can it ? The master plan has to be something else.",[coronavirus] Speculation on what could come next,conspiracy,,0.0,1.0,,,,,right,0.8671547770500183,0.020413343,0.97958666,True,self.conspiracy,self,,,,2020.0,2020-03,exs06id_reddit_fkr8ye,left,conspiracy,,"The text discusses concerns about a potential vaccine and its effects on society, including economic impacts and societal unrest. This content leans towards a left-leaning perspective due to its focus on addressing the perceived negative consequences of widespread vaccination.",True
4903,44573,131f92795696ce8ddb40a6822218c76f,reddit,lo3olr,https://www.reddit.com/r/conspiracy/comments/lo3olr/is_the_push_to_legalize_marijuana_a_ploy_to/,this-aint-Lisp,2021-02-20 09:33:01+00:00,Is the push to legalize marijuana a ploy to tranquilize the people and make them stay at home?,Is the push to legalize marijuana a ploy to tranquilize the people and make them stay at home?,conspiracy,,4.0,40.0,,,,,right,0.9895361661911012,0.0053435243,0.99465644,True,self.conspiracy,self,,,,2021.0,2021-02,exs06id_reddit_lo3olr,left,conspiracy,,"The text expresses concern about potential government motives for legalizing marijuana, suggesting it may have hidden intentions such as reducing social interaction. This aligns with a left-leaning perspective on politics.",True
3386,19806,16b002452ef0b792b9009e44fdcfdc42,reddit,5zhjgd,https://wattsupwiththat.com/2017/03/14/study-ice-age-thermostat-prevented-extreme-climate-cooling/,logicalprogressive,2017-03-15 05:22:23+00:00,Study: Ice age thermostat prevented extreme climate cooling,Study: Ice age thermostat prevented extreme climate cooling,climateskeptics,,3.0,2.0,,,,,left,0.4199585914611816,0.15884744,0.8411526,True,wattsupwiththat.com,link,,,,2017.0,2017-03,exs06id_reddit_5zhjgd,none,no_conspiracy,,The text discusses an ice age study without expressing any political stance or endorsing any conspiracy claims.,False
690,35745,2e5cc1bae05210a3b30ccd4626a35f6d,reddit,iwepz6,https://www.reddit.com/r/conspiracy/comments/iwepz6/cnncom_911_a_turning_point_for_putin/,KKOTTE,2020-09-20 14:23:07+00:00,"CNN.com - 9/11 a 'turning point' for Putin The suspicion that the 9/11 attack was plotted in kremlin may look strange only at first glance; The pussian ruler was the first one to express condolences to USA, and do that too hastily to my taste; In the meanwhile all the rest of the world was looking in amazement at tv-screens trying to evaluate the true scale of the event; In every other comparable situation kgb-poutane would disappear for a few days, like in the beginning of covid epidemic, Nemtsov murder, Crimea intervention, Politkovskaya murder, ""Kursk"" and other sub-boats sinking and every other resembling cases the kremlin-ruler would dematerialize for days or weeks and only show up when the KGB analysts work out and offer an advantageous scenario of his dramatic resurfacing; All viewpoints welcome; [https://edition.cnn.com/2002/WORLD/europe/09/10/ar911.russia.putin/index.html](https://edition.cnn.com/2002/WORLD/europe/09/10/ar911.russia.putin/index.html)",CNN.com - 9/11 a 'turning point' for Putin,conspiracy,,0.0,4.0,,,,,right,0.715979278087616,0.20763412,0.7923659,True,self.conspiracy,self,,,,2020.0,2020-09,exs06id_reddit_iwepz6,left,no_conspiracy,,"The article discusses the perception that Russian President Putin expressed condolences to the United States after the 9/11 attacks, which some see as suspicious given Russia's history of supporting al-Qaeda. However, the article presents this information neutrally without endorsing or promoting any conspiracy theory.",False
428,24217,5689fb3911e347b75fdd72d4dc5829ac,reddit,197tv9v,https://i.redd.it/gtrrjoyjbqcc1.jpeg,TheForce122,2024-01-16 04:24:32+00:00,"Nathan Wolfe of DARPA/EcoHealth/Metabiota/Wuhan Lab/Gates Foundation chilling with his BFF, Rothschild-Mossad asset Ghislaine Maxwell. Makes u wonder who was really behind COVID-19. The central banks gof $20+ trillion printed for them between 2019-2023 [deleted]","Nathan Wolfe of DARPA/EcoHealth/Metabiota/Wuhan Lab/Gates Foundation chilling with his BFF, Rothschild-Mossad asset Ghislaine Maxwell. Makes u wonder who was really behind COVID-19. The central banks gof $20+ trillion printed for them between 2019-2023",conspiracy,,1.0,1.0,,,,,right,0.5854122042655945,0.36400905,0.635991,True,i.redd.it,link,,,,2024.0,2024-01,exs06id_reddit_197tv9v,left,conspiracy,,"The text discusses potential conspiracies related to the origins of COVID-19 and monetary policy, which aligns with a left-leaning perspective on politics and economics.",True
4544,27434,939d1c432135524c1b974d4c51ffc495,reddit,v2gs2t,https://v.redd.it/p3f6oxz3f0391,ListenAndThink,2022-06-01 13:15:18+00:00,"People like to speculate about where all the evil in the world comes from. Some say ""the elites"", lizards, pedophile rings, Satan worshippers, and so on. But the answer is much simpler and easier to believe. And we have known the answer for centuries. The love of money is the root of all evil.","People like to speculate about where all the evil in the world comes from. Some say ""the elites"", lizards, pedophile rings, Satan worshippers, and so on. But the answer is much simpler and easier to believe. And we have known the answer for centuries. The love of money is the root of all evil.",conspiracyundone,,34.0,22.0,,,,,left,0.5058486461639404,0.012021082,0.98797894,True,v.redd.it,link,,,,2022.0,2022-06,exs06id_reddit_v2gs2t,none,no_conspiracy,,The text discusses general economic themes without promoting any specific conspiracy theory.,False
367,22145,04e469c39065c3e466229e4bdcbf366d,reddit,1n44t9z,https://www.reddit.com/gallery/1n44t9z,ben_watson_jr,2025-08-30 15:42:23+00:00,"In 2020, The FBI sent out Cameron Polen of the FBI, to lie directly to the American Public and announce ambiguously that a group of citizens solved the z340. If she wasn't lying, then she must have been talking about us, not David Oranchak. Because his work was a 'Magic Trick' and completely fake. That one cluster of code form the z408 you see can be proven and it has facts and investigative importance.. It is a math equation.. (Pi)9 X 9 … do the math and you have the answer.. Then go to 3rd slide open it look to the top and you will see P/Z/UB .. that refers to Nazi Germany’s 1930’s Plan Z to destroy the entire British Fleet. It was adopted by Zodiac, a group of which each member was considered a U-Boat, a single stealth submarine to sink the military system they despised. The z340 was created the exact same way the z408 was, they are two chapters of the same book. 📕 Ben [https://www.warhistoryonline.com/world-war-ii/end-of-the-kriegsmarine-in-wwii.html](https://www.warhistoryonline.com/world-war-ii/end-of-the-kriegsmarine-in-wwii.html)","In 2020, The FBI sent out Cameron Polen of the FBI, to lie directly to the American Public and announce ambiguously that a group of citizens solved the z340. If she wasn't lying, then she must have been talking about us, not David Oranchak. Because his work was a 'Magic Trick' and completely fake.",conspiracy_commons,,1.0,3.0,,,,,right,0.9973674416542052,0.09569672,0.90430325,True,reddit.com,link,,,,2025.0,2025-08,exs06id_reddit_1n44t9z,none,no_conspiracy,,The text discusses historical events and mathematical equations without expressing any political stance or endorsing any conspiracy claims.,False
2164,38841,5dd845ce9a125980c89f63cae89131e0,reddit,fikq18,https://www.reddit.com/r/conspiracy/comments/fikq18/the_struggles_that_the_annunaki_faced_who_were/,letsgetyoustarted,2020-03-14 16:10:43+00:00,"The struggles that the Annunaki faced who were allegedly the characters in the Bible fit the stories in the book perfectly. For example the gods battled for the throne, and Christianity says beware of those that pretend to be a god they are false. It’s them trying to secure the dictatorship. When you want the people who worship you to keep doing so, just tell them by the way others will come and look like gods but they are not, only I am. And if you believe them to be the real god you will be punished for disobeying your god. It’s these things manipulating us into believing whatever they say so they can keep power during their wars. They also talk about how god is jealous angry and hateful, and there’s a pharaoh that ancient writings mention is the top dog, and in the Bible it talks about how angry and jealous god was. It’s extremely eye opening to me, the Christians ofcourse would say no that’s what god talks about they are false gods, they have been heavily brainwashed into basically being slaves and they don’t even know it. Thoughts?","The struggles that the Annunaki faced who were allegedly the characters in the Bible fit the stories in the book perfectly. For example the gods battled for the throne, and Christianity says beware of those that pretend to be a god they are false. It’s them trying to secure the dictatorship.",conspiracy,,1.0,4.0,,,,,right,0.9132352471351624,0.015956966,0.98404306,True,self.conspiracy,self,,,,2020.0,2020-03,exs06id_reddit_fikq18,left,conspiracy,,"The text discusses alleged conspiracies involving religious figures and beliefs, suggesting manipulation and control over followers. The tone is critical towards Christian beliefs and suggests a belief in hidden agendas within religion.",True
3259,34881,08cc3dbaacb1e43c5c25d5ebd755b272,reddit,k4n9dp,https://twitter.com/llinwood/status/1333788036815937537?s=21,axolotl_peyotl,2020-12-01 15:42:24+00:00,"Lin Wood: Our country is headed to Civil War...a war created by 3rd party bad actors for their benefit, not for We The People. Communist China is leading the nefarious efforts to take away our freedom.","Lin Wood: Our country is headed to Civil War...a war created by 3rd party bad actors for their benefit, not for We The People. Communist China is leading the nefarious efforts to take away our freedom.",conspiracy,,117.0,32.0,,,,,right,0.991878628730774,0.0015798671,0.9984201,True,twitter.com,link,,,,2020.0,2020-12,exs06id_reddit_k4n9dp,left,conspiracy,,"The text expresses concerns about civil unrest and accuses foreign entities of conspiring against American freedoms, indicating a left-leaning stance on politics and a belief in conspiracy theories.",True
1722,23928,3a3fc66c966741b8c244d38ef0cc02aa,reddit,193xhpq,https://i.redd.it/912kygxi2sbc1.jpeg,FermentedFisch,2024-01-11 09:13:22+00:00,"Looking at these two headlines side by side, it gives a good reason for China to spread disinformation blaming U.S. agencies, if it is actually China who was responsible.","Looking at these two headlines side by side, it gives a good reason for China to spread disinformation blaming U.S. agencies, if it is actually China who was responsible.",conspiracy,,1.0,14.0,,,,,right,0.9790492057800292,0.06829779,0.9317022,True,i.redd.it,link,,,,2024.0,2024-01,exs06id_reddit_193xhpq,left,conspiracy,,"The text suggests that China may have been spreading false information about the United States, which aligns with a left-leaning view that governments sometimes engage in misinformation.",True
1662,6555,9a8d3602c3a529d77fa40daed8639a47,reddit,jwewwr,https://youtu.be/Ow42ChNU5SU,Anthony_Galli,2020-11-18 12:29:00+00:00,Twerk the Vote: Make Voting Easier to Make Tyranny Harder,Twerk the Vote: Make Voting Easier to Make Tyranny Harder,DescentIntoTyranny,,3.0,3.0,,,,,left,0.6789705753326416,0.16758022,0.8324198,True,youtu.be,link,,,,2020.0,2020-11,exs06id_reddit_jwewwr,left,no_conspiracy,,"The text uses provocative language suggesting making voting easier will reduce tyranny, without providing specific details about how or what measures would be taken.",False
4328,24077,98a795cddf2a02e1a26d85bc2669a875,reddit,fuxvqg,https://www.reddit.com/r/conspiracy/comments/fuxvqg/videos_are_being_deleted_that_show_people_filming/,Crangrapejoose,2020-04-04 17:42:47+00:00,"Videos are being deleted that show people filming hospitals claiming to have bodies piling up. Just took a quick look through my liked videos on Youtube and all 5 videos I had that showed hopsitals that are lying about all these people being sick and being overrun are not there anymore. Luckily I found this one https://www.youtube.com/watch?v=fEEUlLD5yoA A compilation https://www.youtube.com/watch?v=-ZFsVceS0MM I just want to know why these are being deleted, that is all. Before you come here and say - elective services are shut down and that is the reason for empty everything - that BARELY solidifies the opposite. If people are getting sick in droves and numbers are just sky rocketing - we would notice. The majority % of people dying from this are the same that would die from a strong case of the flu that ravages the US every...single...year. We are all being told to stay at home so the narrative can be easily controlled. This is far too easy and people just listen to the news because that's all they know now. They just know how to listen and instead of think they're just being conditioned for a ""new normal"". It's sickening. People are so blind that - I don't even know if a great awakening is even going to happen anymore.",Videos are being deleted that show people filming hospitals claiming to have bodies piling up.,conspiracy,,80.0,57.0,,,,,left,0.8310348391532898,0.21354716,0.78645283,True,self.conspiracy,self,,,,2020.0,2020-04,exs06id_reddit_fuxvqg,none,no_conspiracy,,"The text discusses concerns about hospital conditions and misinformation spread during the pandemic, without favoring any particular political stance.",False
1757,36742,1470ce01b63abc8cfb35d5c4b86cdc0d,reddit,f9uxb1,https://www.reddit.com/r/conspiracy/comments/f9uxb1/coronavirus_as_a_form_of_population_control/,Sekreid,2020-02-26 15:31:34+00:00,Coronavirus as a form of population control? Well I was watching some TV the other day and it was some old sci-fi program. Earth got mysteriously infected with a virus and was on the verge of collapse when by miracle some aliens came and offered a vaccine to cure everyone. The drawback to this vaccine was that it made everyone that received it sterile. I think wars have been used as a population control method but they take the best and most physically fit people out of the gene pool. A virus would be more suited because it would affect people from all different segments. Just a thought I don’t know.,Coronavirus as a form of population control?,conspiracy,,6.0,4.0,,,,,right,0.7644084692001343,0.014889792,0.98511016,True,self.conspiracy,self,,,,2020.0,2020-02,exs06id_reddit_f9uxb1,none,no_conspiracy,,"The text discusses a hypothetical scenario involving a virus causing sterility among those who receive it, which is presented as an alternative to war for controlling populations. There is no clear indication of a specific political stance or conspiracy theory being promoted.",False
3521,43270,041fe74ec33f0eb1082db875a1d682db,reddit,rm6exr,https://www.reddit.com/r/conspiracy/comments/rm6exr/its_kind_of_crazy_how_hard_twitter_are_going_at/,Non-equilibrium,2021-12-22 14:32:55+00:00,"its kind of crazy how hard twitter are going at debunking great reset conspiracies The 'Great Reset' is the World Economic Forum's proposal for post-COVID economic recovery, Reuters and the BBC report The World Economic Forum (WEF), an international NGO, launched an initiative named the “Great Reset” in June 2020. The initiative calls for rebuilding from the COVID-19 pandemic in an equitable and sustainable way, according to the WEF’s website. Various conspiracy theories related to the term have been debunked, the BBC and Lead Stories report. Most recently, an image circulated online of a letter from the WEF inviting Dutch politicians to a forum themed the 'Great Reset' has been taken out of context, Reuters reports. https://twitter.com/i/events/1473452143432507396 Conspiracy theories linked to the 'Great Reset' have been debunked AAP FactCheck BBC News (UK) What is the Great Reset - and how did it get hijacked by conspiracy theories? Lead Stories. Fact Check: 'The Great Reset' Is NOT A Secret Plan Masterminded By Global Elites To Limit Freedoms And Push Radical Policies",its kind of crazy how hard twitter are going at debunking great reset conspiracies,conspiracy,,11.0,25.0,,,,,center,0.996802568435669,0.028074274,0.9719257,True,self.conspiracy,self,,,,2021.0,2021-12,exs06id_reddit_rm6exr,none,conspiracy,,"The text discusses various conspiracy theories related to the 'Great Reset,' which is an official initiative proposed by the World Economic Forum. It provides information on the origin and recent attempts to debunk these theories without taking a clear stance on the validity of the claims.",True
2126,42186,559d6252997727275c5c59ac565bb36d,reddit,k68y1h,https://i.redd.it/s3320v1o32361.png,KarlGreenMagic,2020-12-03 23:28:00+00:00,"""Leaked photo from Pentagon UFO task force shows 'sliver cube' hovering over the Atlantic - as classified reports reveal concerns 'aliens' could be operating beneath the world's seas.""","""Leaked photo from Pentagon UFO task force shows 'sliver cube' hovering over the Atlantic - as classified reports reveal concerns 'aliens' could be operating beneath the world's seas.""",conspiracy,,148.0,110.0,,,,,right,0.7321112155914307,0.040345166,0.95965487,True,i.redd.it,link,,,,2020.0,2020-12,exs06id_reddit_k68y1h,left,conspiracy,,"The text discusses leaked photos and classified reports about UFOs and aliens, which suggests a focus on conspiracies involving government and extraterrestrial matters.",True
